-- phpMyAdmin SQL Dump
-- version 5.2.1
-- https://www.phpmyadmin.net/
--
-- Host: 127.0.0.1
-- Generation Time: Jun 25, 2026 at 04:24 PM
-- Server version: 10.4.32-MariaDB
-- PHP Version: 8.0.30

SET SQL_MODE = "NO_AUTO_VALUE_ON_ZERO";
START TRANSACTION;
SET time_zone = "+00:00";


/*!40101 SET @OLD_CHARACTER_SET_CLIENT=@@CHARACTER_SET_CLIENT */;
/*!40101 SET @OLD_CHARACTER_SET_RESULTS=@@CHARACTER_SET_RESULTS */;
/*!40101 SET @OLD_COLLATION_CONNECTION=@@COLLATION_CONNECTION */;
/*!40101 SET NAMES utf8mb4 */;

--
-- Database: `tokoberkahjaya`
--

-- --------------------------------------------------------

--
-- Table structure for table `tb_barang`
--

CREATE TABLE `tb_barang` (
  `id_barang` varchar(10) NOT NULL,
  `id_kategori` int(11) NOT NULL,
  `nama_barang` varchar(100) NOT NULL,
  `satuan` varchar(20) NOT NULL,
  `harga_jual` double NOT NULL,
  `stok` int(11) NOT NULL
) ENGINE=InnoDB DEFAULT CHARSET=utf8mb4 COLLATE=utf8mb4_general_ci;

--
-- Dumping data for table `tb_barang`
--

INSERT INTO `tb_barang` (`id_barang`, `id_kategori`, `nama_barang`, `satuan`, `harga_jual`, `stok`) VALUES
('BRG001', 1, 'Sirloin Steak', 'Pcs', 2500000, 99),
('BRG002', 2, 'Avocado Juice', 'Cup', 45000, 178),
('BRG003', 3, 'Butter Croissant', 'Pcs', 95000, 47);

-- --------------------------------------------------------

--
-- Table structure for table `tb_customer`
--

CREATE TABLE `tb_customer` (
  `id_customer` varchar(10) NOT NULL,
  `nama_customer` varchar(100) NOT NULL,
  `alamat` text DEFAULT NULL,
  `telepon` varchar(15) DEFAULT NULL
) ENGINE=InnoDB DEFAULT CHARSET=utf8mb4 COLLATE=utf8mb4_general_ci;

--
-- Dumping data for table `tb_customer`
--

INSERT INTO `tb_customer` (`id_customer`, `nama_customer`, `alamat`, `telepon`) VALUES
('C001', 'Blue', 'Melbourne', '63 7874 4945'),
('C002', 'Iqbal', 'Jakarta', '08234567890'),
('CST003', 'Ren', 'jAKRATA', '7979');

-- --------------------------------------------------------

--
-- Table structure for table `tb_detail_penjualan`
--

CREATE TABLE `tb_detail_penjualan` (
  `id_detail` int(11) NOT NULL,
  `id_jual` int(11) NOT NULL,
  `id_barang` varchar(10) NOT NULL,
  `harga_satuan` double NOT NULL,
  `jumlah_beli` int(11) NOT NULL,
  `subtotal` double NOT NULL
) ENGINE=InnoDB DEFAULT CHARSET=utf8mb4 COLLATE=utf8mb4_general_ci;

--
-- Dumping data for table `tb_detail_penjualan`
--

INSERT INTO `tb_detail_penjualan` (`id_detail`, `id_jual`, `id_barang`, `harga_satuan`, `jumlah_beli`, `subtotal`) VALUES
(1, 1, 'BRG002', 45000, 2, 90000),
(2, 1, 'BRG001', 2500000, 1, 2500000),
(3, 1, 'BRG003', 95000, 1, 95000),
(5, 3, 'BRG003', 95000, 2, 190000);

-- --------------------------------------------------------

--
-- Table structure for table `tb_kategori`
--

CREATE TABLE `tb_kategori` (
  `id_kategori` int(11) NOT NULL,
  `nama_kategori` varchar(50) NOT NULL
) ENGINE=InnoDB DEFAULT CHARSET=utf8mb4 COLLATE=utf8mb4_general_ci;

--
-- Dumping data for table `tb_kategori`
--

INSERT INTO `tb_kategori` (`id_kategori`, `nama_kategori`) VALUES
(1, 'Meals'),
(2, 'Drinks'),
(3, 'Desserts'),
(4, 'Snack');

-- --------------------------------------------------------

--
-- Table structure for table `tb_penjualan`
--

CREATE TABLE `tb_penjualan` (
  `id_jual` int(11) NOT NULL,
  `no_faktur` varchar(20) NOT NULL,
  `tgl_transaksi` date NOT NULL,
  `id_customer` varchar(10) NOT NULL,
  `total_bayar` double NOT NULL,
  `id_user` int(11) NOT NULL
) ENGINE=InnoDB DEFAULT CHARSET=utf8mb4 COLLATE=utf8mb4_general_ci;

--
-- Dumping data for table `tb_penjualan`
--

INSERT INTO `tb_penjualan` (`id_jual`, `no_faktur`, `tgl_transaksi`, `id_customer`, `total_bayar`, `id_user`) VALUES
(1, 'FKT001', '2026-06-04', 'C002', 2685000, 1),
(3, 'FKT002', '2026-06-05', 'C001', 190000, 4);

-- --------------------------------------------------------

--
-- Table structure for table `tb_user`
--

CREATE TABLE `tb_user` (
  `id_user` int(11) NOT NULL,
  `username` varchar(50) NOT NULL,
  `password` varchar(255) NOT NULL,
  `nama_lengkap` varchar(100) NOT NULL,
  `level` enum('ADMIN','KASIR') NOT NULL DEFAULT 'KASIR'
) ENGINE=InnoDB DEFAULT CHARSET=utf8mb4 COLLATE=utf8mb4_general_ci;

--
-- Dumping data for table `tb_user`
--

INSERT INTO `tb_user` (`id_user`, `username`, `password`, `nama_lengkap`, `level`) VALUES
(1, 'admin', 'admin123', 'Administrator', 'ADMIN'),
(3, 'kasir1', 'kasir123', 'Kasir Len', 'KASIR'),
(4, 'blue', '22maret2005', 'admin blue', 'ADMIN');

--
-- Indexes for dumped tables
--

--
-- Indexes for table `tb_barang`
--
ALTER TABLE `tb_barang`
  ADD PRIMARY KEY (`id_barang`),
  ADD KEY `id_kategori` (`id_kategori`);

--
-- Indexes for table `tb_customer`
--
ALTER TABLE `tb_customer`
  ADD PRIMARY KEY (`id_customer`);

--
-- Indexes for table `tb_detail_penjualan`
--
ALTER TABLE `tb_detail_penjualan`
  ADD PRIMARY KEY (`id_detail`),
  ADD KEY `id_jual` (`id_jual`),
  ADD KEY `id_barang` (`id_barang`);

--
-- Indexes for table `tb_kategori`
--
ALTER TABLE `tb_kategori`
  ADD PRIMARY KEY (`id_kategori`);

--
-- Indexes for table `tb_penjualan`
--
ALTER TABLE `tb_penjualan`
  ADD PRIMARY KEY (`id_jual`),
  ADD KEY `id_customer` (`id_customer`),
  ADD KEY `id_user` (`id_user`);

--
-- Indexes for table `tb_user`
--
ALTER TABLE `tb_user`
  ADD PRIMARY KEY (`id_user`);

--
-- AUTO_INCREMENT for dumped tables
--

--
-- AUTO_INCREMENT for table `tb_detail_penjualan`
--
ALTER TABLE `tb_detail_penjualan`
  MODIFY `id_detail` int(11) NOT NULL AUTO_INCREMENT, AUTO_INCREMENT=6;

--
-- AUTO_INCREMENT for table `tb_kategori`
--
ALTER TABLE `tb_kategori`
  MODIFY `id_kategori` int(11) NOT NULL AUTO_INCREMENT, AUTO_INCREMENT=5;

--
-- AUTO_INCREMENT for table `tb_penjualan`
--
ALTER TABLE `tb_penjualan`
  MODIFY `id_jual` int(11) NOT NULL AUTO_INCREMENT, AUTO_INCREMENT=4;

--
-- AUTO_INCREMENT for table `tb_user`
--
ALTER TABLE `tb_user`
  MODIFY `id_user` int(11) NOT NULL AUTO_INCREMENT, AUTO_INCREMENT=5;

--
-- Constraints for dumped tables
--

--
-- Constraints for table `tb_barang`
--
ALTER TABLE `tb_barang`
  ADD CONSTRAINT `tb_barang_ibfk_1` FOREIGN KEY (`id_kategori`) REFERENCES `tb_kategori` (`id_kategori`);

--
-- Constraints for table `tb_detail_penjualan`
--
ALTER TABLE `tb_detail_penjualan`
  ADD CONSTRAINT `tb_detail_penjualan_ibfk_1` FOREIGN KEY (`id_jual`) REFERENCES `tb_penjualan` (`id_jual`),
  ADD CONSTRAINT `tb_detail_penjualan_ibfk_2` FOREIGN KEY (`id_barang`) REFERENCES `tb_barang` (`id_barang`);

--
-- Constraints for table `tb_penjualan`
--
ALTER TABLE `tb_penjualan`
  ADD CONSTRAINT `tb_penjualan_ibfk_1` FOREIGN KEY (`id_customer`) REFERENCES `tb_customer` (`id_customer`),
  ADD CONSTRAINT `tb_penjualan_ibfk_2` FOREIGN KEY (`id_user`) REFERENCES `tb_user` (`id_user`);
COMMIT;

/*!40101 SET CHARACTER_SET_CLIENT=@OLD_CHARACTER_SET_CLIENT */;
/*!40101 SET CHARACTER_SET_RESULTS=@OLD_CHARACTER_SET_RESULTS */;
/*!40101 SET COLLATION_CONNECTION=@OLD_COLLATION_CONNECTION */;
